z,CustomerID,Count,Country,State,City,Zip Code,Lat Long,Latitude,Longitude,Gender,Senior Citizen,Partner,Dependents,Tenure Months,Phone Service,Multiple Lines,Internet Service,Online Security,Online Backup,Device Protection,Tech Support,Streaming TV,Streaming Movies,Contract,Paperless Billing,Payment Method,Monthly Charges,Total Charges,Churn Label,Churn Value,Churn Score,CLTV,Churn Reason,predicted_column
0,7774-OJSXI,1,United States,California,Imperial,95437.35,"33.645672, -117.922613",36.8,-120.46,Male,Yes,Yes,Yes,26.94,No,Yes,Fiber optic,No internet service,No internet service,No,No internet service,No,Yes,Two year,Yes,Mailed check,66.05,2781.85,No,0.56,82.27,4400.52,Product dissatisfaction,0.0
1,2878-DHMIN,1,United States,California,West Hills,93831.85,"38.809804, -122.241383",36.04,-119.33,Male,Yes,Yes,Yes,25.57,No,No phone service,DSL,Yes,No,Yes,No internet service,No internet service,No internet service,Month-to-month,No,Credit card (automatic),105.22,7714.65,No,-0.05,68.03,5761.53,Attitude of support person,0.0
2,4804-NCPET,1,United States,California,Homeland,91618.14,"37.160194, -121.945611",34.94,-119.26,Female,Yes,No,No,39.92,No,Yes,No,No internet service,No,No internet service,No,Yes,No internet service,One year,No,Credit card (automatic),67.6,6605.55,No,0.52,43.49,3060.29,Moved,0.0
3,5006-MXVRN,1,United States,California,Woodbridge,93019.89,"33.998471, -117.973758",37.26,-116.39,Male,Yes,Yes,No,52.41,No,No phone service,Fiber optic,Yes,No,No internet service,No internet service,No internet service,No internet service,Month-to-month,Yes,Credit card (automatic),116.74,950.2,Yes,0.09,78.04,5298.45,Network reliability,0.0
4,8216-AZUUZ,1,United States,California,Orange,96300.22,"38.431407, -120.8421",36.19,-120.0,Female,No,No,Yes,53.5,No,No,DSL,Yes,No,Yes,No internet service,No internet service,No internet service,Month-to-month,No,Bank transfer (automatic),56.83,235.8,Yes,0.07,70.74,5337.04,Attitude of service provider,0.0
5,3761-FLYZI,1,United States,California,San Carlos,95159.81,"32.579134, -117.119009",38.99,-119.2,Male,Yes,No,Yes,18.05,No,No,No,Yes,No internet service,No,No internet service,Yes,No,Two year,No,Credit card (automatic),94.93,525.55,No,0.66,41.19,5329.96,Poor expertise of phone support,0.0
6,7025-IWFHT,1,United States,California,Albion,92712.86,"36.29223, -119.622676",36.56,-118.49,Male,No,Yes,No,28.27,No,Yes,No,Yes,No internet service,No,No internet service,No internet service,Yes,Month-to-month,Yes,Electronic check,38.33,1399.35,Yes,0.66,56.52,3445.87,Competitor offered more data,0.0
7,0780-XNZFN,1,United States,California,Piru,92883.29,"34.070291, -118.349191",36.65,-119.4,Male,Yes,Yes,No,39.31,No,Yes,DSL,No,Yes,No internet service,Yes,No internet service,No internet service,One year,Yes,Electronic check,93.71,8109.8,Yes,1.01,48.09,2397.76,Lack of affordable download/upload speed,0.0
8,7530-HDYDS,1,United States,California,Delano,90292.51,"37.907777, -122.127161",35.39,-120.76,Female,Yes,Yes,Yes,26.26,No,Yes,DSL,No internet service,Yes,Yes,No,No internet service,Yes,One year,Yes,Bank transfer (automatic),71.76,5791.85,No,0.98,115.39,5062.45,Price too high,0.0
9,9128-CPXKI,1,United States,California,Wasco,96216.8,"34.004379, -117.447864",36.14,-119.38,Male,No,Yes,No,71.85,No,No phone service,Fiber optic,No internet service,No internet service,No internet service,No,Yes,Yes,Two year,No,Bank transfer (automatic),58.15,4891.5,Yes,0.67,70.15,4622.16,Lack of self-service on Website,0.0
10,9576-SYUHJ,1,United States,California,Thousand Oaks,95175.18,"38.53508, -121.444144",37.04,-117.48,Female,Yes,Yes,Yes,44.43,Yes,Yes,No,No internet service,Yes,Yes,Yes,No,No,Month-to-month,Yes,Credit card (automatic),-12.69,1048.85,Yes,-0.49,62.72,5588.53,Deceased,0.0
11,1848-LBZHY,1,United States,California,Gazelle,93266.21,"33.148116, -117.306043",32.08,-122.01,Female,No,No,Yes,50.42,No,No,No,Yes,No internet service,No,No internet service,No,No internet service,One year,No,Mailed check,57.11,612.1,Yes,1.07,68.87,3571.52,Competitor made better offer,0.0
12,1356-MKYSK,1,United States,California,Garden Grove,93895.37,"38.287136, -122.02711",32.97,-119.51,Female,No,Yes,No,48.65,Yes,No phone service,DSL,No,Yes,Yes,Yes,Yes,No internet service,Month-to-month,No,Bank transfer (automatic),71.18,998.1,No,0.67,88.39,5299.56,Don't know,0.0
13,1763-WQFUK,1,United States,California,Parker Dam,89471.58,"36.657462, -119.595293",38.11,-121.31,Female,No,Yes,No,61.19,Yes,Yes,No,No internet service,No,No,No internet service,No,Yes,Month-to-month,No,Bank transfer (automatic),89.7,2979.3,No,-0.07,56.9,5647.73,Price too high,0.0
14,9470-XCCEM,1,United States,California,Twain Harte,92613.86,"33.001813, -117.263628",36.7,-117.22,Male,No,No,No,36.82,Yes,No phone service,Fiber optic,No,Yes,Yes,Yes,No internet service,No internet service,Month-to-month,No,Credit card (automatic),111.73,3893.6,No,0.59,46.0,4287.54,Attitude of support person,0.0
15,6896-SRVYQ,1,United States,California,Chualar,96011.77,"34.502432, -118.41459",35.83,-123.09,Female,Yes,No,No,0.52,Yes,No phone service,No,Yes,No,No internet service,No,No,Yes,Two year,Yes,Credit card (automatic),126.0,2011.4,Yes,-0.19,76.87,4893.55,Attitude of service provider,0.0
16,4636-QRJKY,1,United States,California,Zenia,95353.33,"36.04533, -119.532424",36.33,-121.0,Female,Yes,Yes,No,42.19,No,Yes,DSL,No internet service,No,No,No,No internet service,Yes,Month-to-month,Yes,Bank transfer (automatic),102.26,5566.4,No,0.54,54.93,4852.18,Price too high,0.0
17,7851-FLGGQ,1,United States,California,Fairfield,94138.98,"36.525703, -120.952122",37.14,-118.98,Male,No,No,Yes,16.37,Yes,No phone service,DSL,No,No,No internet service,No,No,No,One year,No,Mailed check,47.85,20.7,Yes,-0.32,35.67,3428.45,Long distance charges,0.0
18,2249-YPRNG,1,United States,California,Avila Beach,93494.5,"33.529047, -117.701175",34.96,-116.42,Female,Yes,Yes,Yes,19.39,No,No,Fiber optic,Yes,No,No internet service,No internet service,Yes,No,Month-to-month,Yes,Bank transfer (automatic),55.59,7176.55,Yes,-0.09,31.48,5028.61,Competitor made better offer,0.0
19,9978-HYCIN,1,United States,California,San Lorenzo,95007.89,"33.752591, -117.993661",34.37,-119.94,Male,Yes,No,No,46.77,No,No,Fiber optic,No,Yes,No,No internet service,No,No,One year,No,Credit card (automatic),87.0,345.9,Yes,0.58,91.62,6319.8,Long distance charges,0.0
20,4879-GZLFH,1,United States,California,San Jacinto,92996.96,"34.157137, -118.548511",36.76,-121.0,Female,No,No,No,62.78,Yes,No phone service,No,No internet service,No internet service,No,Yes,No,Yes,Month-to-month,No,Credit card (automatic),80.4,313.45,No,0.74,61.53,4426.56,Product dissatisfaction,0.0
21,2215-ZAFGX,1,United States,California,Madeline,90415.99,"37.515556, -122.502311",33.88,-115.74,Male,Yes,Yes,No,32.89,No,Yes,No,No internet service,No,No internet service,Yes,No,No internet service,One year,No,Bank transfer (automatic),113.76,1990.5,No,0.41,46.01,2671.94,Don't know,0.0
22,6425-JWTDV,1,United States,California,El Cerrito,93510.4,"34.983808, -117.239306",37.28,-122.92,Female,No,No,Yes,39.96,Yes,No phone service,DSL,Yes,Yes,No internet service,No,Yes,No,One year,Yes,Mailed check,139.37,1416.5,No,0.14,53.66,3587.27,Lack of affordable download/upload speed,0.0
23,9415-ZNBSX,1,United States,California,El Nido,94274.1,"41.764869, -122.671316",32.1,-124.54,Male,No,No,No,74.18,Yes,No,Fiber optic,Yes,No,No internet service,No internet service,No,No internet service,Month-to-month,No,Bank transfer (automatic),132.98,438.05,No,-0.67,76.08,2295.13,Competitor made better offer,0.0
24,8413-YNHNV,1,United States,California,Irvine,95616.65,"37.449551, -122.183762",38.81,-118.85,Female,Yes,No,No,38.28,No,No phone service,Fiber optic,Yes,Yes,No internet service,Yes,Yes,No,Month-to-month,No,Bank transfer (automatic),109.71,1007.9,Yes,0.17,52.38,5926.75,Don't know,0.0
25,8033-VCZGH,1,United States,California,Stevinson,90832.99,"35.453912, -120.69461",37.44,-120.88,Female,Yes,No,Yes,96.27,No,No phone service,Fiber optic,No,Yes,No,No internet service,No internet service,No,One year,Yes,Credit card (automatic),80.65,1033.9,No,0.5,27.5,5304.28,Competitor offered higher download speeds,0.0
26,8808-ELEHO,1,United States,California,Rowland Heights,93292.64,"41.042003, -120.506086",36.91,-122.0,Male,Yes,No,Yes,46.26,Yes,No,No,No,Yes,No,No internet service,No,Yes,Two year,Yes,Mailed check,105.36,646.85,Yes,0.13,65.71,3807.15,Long distance charges,0.0
27,0512-FLFDW,1,United States,California,Elk Grove,93381.46,"40.923558, -122.059933",38.7,-118.27,Male,No,No,No,-10.87,No,No phone service,Fiber optic,No,No internet service,No internet service,No,Yes,No,Month-to-month,Yes,Electronic check,114.75,7849.85,No,0.26,84.71,2722.65,Competitor offered more data,1.0
28,7061-OVMIM,1,United States,California,Los Gatos,91467.25,"33.890853, -118.297967",40.37,-119.27,Male,No,Yes,No,50.87,No,No phone service,DSL,Yes,Yes,Yes,No,Yes,No,Two year,Yes,Mailed check,60.33,7849.85,No,0.18,83.27,3414.46,Moved,0.0
29,9114-AAFQH,1,United States,California,Warner Springs,94431.86,"33.956228, -118.120993",38.77,-121.02,Male,Yes,Yes,No,41.73,No,Yes,DSL,No internet service,Yes,Yes,No internet service,No,Yes,Month-to-month,No,Bank transfer (automatic),48.73,1940.8,No,0.12,46.66,3645.18,Competitor made better offer,0.0
30,3069-SSVSN,1,United States,California,Pioneertown,94916.4,"33.720359, -117.733655",31.76,-122.56,Female,Yes,No,Yes,64.05,Yes,Yes,No,No internet service,No internet service,No,No internet service,No internet service,No internet service,Month-to-month,Yes,Bank transfer (automatic),41.67,567.8,Yes,0.3,86.02,4529.73,Poor expertise of online support,0.0
31,0603-TPMIB,1,United States,California,Indio,92979.59,"34.273872, -114.192901",33.14,-117.92,Female,Yes,Yes,No,48.9,Yes,No,No,No,No internet service,No internet service,No internet service,Yes,No,Month-to-month,No,Bank transfer (automatic),38.39,573.75,Yes,0.14,63.28,4489.92,Price too high,0.0
32,5678-VFNEQ,1,United States,California,Oro Grande,97356.35,"36.869584, -118.189241",34.75,-118.4,Male,Yes,Yes,No,28.97,No,No,Fiber optic,No,Yes,No internet service,No internet service,No,Yes,Month-to-month,Yes,Mailed check,23.18,2868.05,Yes,0.9,85.42,5987.29,Poor expertise of online support,0.0
33,4911-BANWH,1,United States,California,Parker Dam,92926.1,"38.833554, -121.498102",36.35,-120.01,Female,No,Yes,No,2.3,No,No,No,No internet service,No internet service,No,No,No internet service,No,Two year,Yes,Credit card (automatic),72.28,39.8,Yes,-0.71,71.05,3580.73,Extra data charges,0.0
34,0746-JTRFU,1,United States,California,Angelus Oaks,92688.55,"41.163637, -123.704841",37.55,-115.81,Male,Yes,No,Yes,27.24,No,Yes,DSL,No internet service,No,Yes,Yes,Yes,Yes,Month-to-month,Yes,Bank transfer (automatic),34.68,2139.1,Yes,0.02,25.95,2616.02,Competitor had better devices,0.0
35,9199-PWQVC,1,United States,California,Hat Creek,92634.46,"37.329725, -120.306399",34.5,-122.11,Male,No,Yes,Yes,11.48,No,No,Fiber optic,No,No,Yes,No,Yes,No internet service,One year,Yes,Bank transfer (automatic),41.19,4326.8,No,-0.12,96.3,3031.52,Don't know,0.0
36,1984-GPTEH,1,United States,California,Windsor,92000.41,"37.950248, -122.022455",36.74,-123.09,Female,No,No,No,18.11,No,No,DSL,No,No internet service,Yes,Yes,No internet service,No internet service,One year,Yes,Mailed check,85.86,2723.15,Yes,0.36,59.81,4373.06,Competitor had better devices,0.0
37,8089-UZWLX,1,United States,California,Palo Alto,92478.94,"41.831901, -123.487478",34.43,-121.29,Female,Yes,Yes,No,46.83,Yes,No,Fiber optic,No internet service,No internet service,No,No internet service,No internet service,Yes,Two year,Yes,Electronic check,70.23,7707.7,Yes,0.3,71.11,3538.23,Moved,0.0
38,2839-RFSQE,1,United States,California,Amboy,90846.25,"33.784597, -117.844535",34.78,-119.9,Female,Yes,No,Yes,73.38,No,Yes,No,Yes,Yes,Yes,Yes,No,Yes,Month-to-month,No,Electronic check,77.69,644.5,Yes,0.98,29.77,4054.83,Competitor made better offer,0.0
39,9451-LPGOO,1,United States,California,Prather,93164.6,"33.936827, -118.359824",32.83,-119.27,Female,Yes,No,Yes,42.06,Yes,No phone service,Fiber optic,No,No internet service,No,No,No,Yes,One year,Yes,Credit card (automatic),105.84,1495.1,Yes,1.13,69.58,3863.15,Lack of self-service on Website,0.0
40,3900-AQPHZ,1,United States,California,Ludlow,93629.2,"36.687292, -120.437354",34.02,-120.32,Female,No,Yes,Yes,3.0,No,No,Fiber optic,No internet service,Yes,No,No,Yes,No internet service,Two year,Yes,Credit card (automatic),90.78,6055.55,No,-0.08,82.44,5571.8,Lack of self-service on Website,0.0
41,5562-BETPV,1,United States,California,Korbel,89262.72,"37.504133, -122.032347",32.96,-119.04,Female,Yes,Yes,Yes,43.29,Yes,No phone service,DSL,No internet service,No,No internet service,No internet service,No internet service,No,Month-to-month,Yes,Bank transfer (automatic),110.47,6287.3,Yes,0.27,100.36,3705.88,Product dissatisfaction,0.0
42,2796-UUZZO,1,United States,California,Crockett,93331.75,"38.121601, -120.133915",33.89,-122.5,Female,Yes,No,Yes,61.76,No,No,DSL,No internet service,No internet service,Yes,No,No internet service,No internet service,One year,Yes,Mailed check,67.17,4685.55,No,0.35,88.84,3953.88,Competitor had better devices,0.0
43,0064-YIJGF,1,United States,California,Hacienda Heights,93600.58,"34.003243, -117.138286",38.87,-116.68,Male,No,Yes,Yes,17.4,Yes,No phone service,Fiber optic,No internet service,Yes,No,No internet service,No internet service,Yes,One year,No,Bank transfer (automatic),113.26,114.7,No,-0.09,70.63,5248.88,Attitude of service provider,0.0
44,4080-IIARD,1,United States,California,Shoshone,94482.08,"40.267158, -123.805913",33.95,-119.98,Male,Yes,Yes,Yes,29.08,No,Yes,No,Yes,Yes,Yes,No,Yes,Yes,Two year,Yes,Credit card (automatic),75.59,810.45,No,0.54,25.46,3731.89,Limited range of services,0.0
45,5707-ORNDZ,1,United States,California,Oak Park,95769.57,"36.497895, -119.285484",42.75,-117.39,Male,No,Yes,Yes,32.73,Yes,Yes,No,No internet service,No,Yes,No,No internet service,No internet service,Month-to-month,Yes,Mailed check,69.84,531.55,Yes,0.16,61.55,4900.98,Product dissatisfaction,0.0
46,2898-MRKPI,1,United States,California,Trona,95110.42,"37.516791, -121.899117",37.49,-119.06,Male,Yes,No,Yes,13.09,Yes,No,DSL,No,No internet service,No internet service,No internet service,No internet service,Yes,Month-to-month,Yes,Mailed check,108.74,914.6,No,-0.21,45.95,4792.46,Lack of self-service on Website,0.0
47,3500-RMZLT,1,United States,California,Loma Linda,92364.49,"33.744439, -117.98588",36.74,-118.81,Male,No,No,No,48.29,Yes,No phone service,No,Yes,No,Yes,Yes,Yes,No internet service,One year,Yes,Credit card (automatic),38.52,1952.8,Yes,0.14,63.76,4568.01,Competitor made better offer,0.0
48,2773-MADBQ,1,United States,California,Stonyford,92147.97,"40.913192, -123.06597",34.17,-118.57,Female,Yes,Yes,No,29.4,Yes,Yes,DSL,No internet service,Yes,No internet service,No,No,Yes,One year,No,Electronic check,125.65,3653.0,Yes,-0.18,32.52,3058.24,Extra data charges,0.0
49,4706-DGAHW,1,United States,California,Madeline,94603.2,"32.67117, -117.00232",38.0,-118.83,Male,Yes,Yes,No,42.67,Yes,No,No,Yes,Yes,No,Yes,No,No,One year,Yes,Electronic check,56.27,740.3,Yes,0.72,54.18,5855.19,Deceased,0.0
50,7693-QPEFS,1,United States,California,Amboy,92500.85,"38.494832, -121.529447",34.87,-118.41,Male,No,Yes,Yes,10.57,Yes,No,Fiber optic,No,No internet service,Yes,No,Yes,No,Month-to-month,No,Mailed check,28.11,5016.25,Yes,1.11,47.57,7027.49,Price too high,0.0
51,7641-EUYET,1,United States,California,Mad River,91230.67,"34.239636, -118.245259",36.58,-116.93,Male,No,No,No,21.63,No,Yes,DSL,No internet service,Yes,No,No,No internet service,Yes,Two year,Yes,Bank transfer (automatic),84.43,1355.1,Yes,0.37,46.9,4410.74,Product dissatisfaction,0.0
52,2862-JVEOY,1,United States,California,Del Rey,97951.63,"34.321621, -118.399841",42.57,-119.37,Male,Yes,No,Yes,50.11,Yes,Yes,DSL,No,No internet service,Yes,No,Yes,No internet service,Two year,No,Electronic check,53.41,6171.2,No,0.31,47.11,3162.4,Network reliability,0.0
53,8060-HIWJJ,1,United States,California,Wildomar,92942.22,"41.082472, -121.195215",36.05,-118.27,Male,No,Yes,Yes,23.21,No,No,Fiber optic,No internet service,No,No,No,No,No,Month-to-month,No,Bank transfer (automatic),125.72,4299.2,No,0.33,55.78,4434.73,Product dissatisfaction,0.0
54,7537-CBQUZ,1,United States,California,Santa Fe Springs,92353.0,"40.7666, -123.80458",39.1,-119.99,Male,No,Yes,No,74.78,No,No phone service,DSL,No internet service,No internet service,Yes,Yes,No,No internet service,Two year,Yes,Electronic check,51.74,1242.2,Yes,0.79,64.86,5571.36,Moved,0.0
55,7402-PWYJJ,1,United States,California,Georgetown,89431.9,"40.664483, -123.865325",34.56,-116.69,Male,No,Yes,Yes,22.56,No,No phone service,No,No internet service,No internet service,Yes,Yes,Yes,Yes,One year,Yes,Electronic check,74.22,122.0,No,0.78,4.92,3672.49,Competitor offered higher download speeds,0.0
56,8224-IVVPA,1,United States,California,Alpaugh,95110.51,"37.186141, -121.843554",36.2,-121.26,Female,No,Yes,No,37.89,No,No phone service,No,No internet service,Yes,Yes,No,Yes,No internet service,Two year,No,Bank transfer (automatic),21.87,365.55,Yes,0.21,7.55,4247.8,Poor expertise of phone support,0.0
57,9578-VRMNM,1,United States,California,North Highlands,91678.68,"40.170357, -123.417298",40.63,-115.91,Female,Yes,Yes,No,55.28,No,No,DSL,No internet service,Yes,Yes,No,No,No,Two year,No,Credit card (automatic),89.22,1444.65,No,0.38,51.41,4803.31,Competitor made better offer,0.0
58,8095-WANWK,1,United States,California,Acton,93575.36,"38.475465, -121.443625",34.74,-119.89,Male,Yes,Yes,No,-2.46,Yes,Yes,No,Yes,No internet service,Yes,Yes,Yes,No internet service,Two year,Yes,Electronic check,41.37,2191.7,No,0.55,54.44,5823.57,Network reliability,0.0
59,3675-YDUPJ,1,United States,California,Baker,95329.22,"36.625114, -121.823565",40.73,-122.89,Female,No,No,Yes,-10.87,Yes,No,DSL,No internet service,Yes,Yes,No internet service,No,No internet service,One year,No,Electronic check,85.62,1230.9,No,-0.24,62.77,5317.67,Attitude of support person,0.0
60,9448-REEVD,1,United States,California,Half Moon Bay,91707.91,"33.833699, -118.314387",38.02,-119.52,Female,No,Yes,No,-5.1,Yes,Yes,Fiber optic,No internet service,Yes,Yes,No internet service,Yes,Yes,Month-to-month,No,Bank transfer (automatic),51.87,397.0,No,0.8,43.04,5366.7,Don't know,1.0
61,6341-JVQGF,1,United States,California,Barstow,93670.26,"34.062095, -118.401508",34.9,-121.27,Female,No,No,Yes,63.38,No,No phone service,DSL,Yes,Yes,Yes,Yes,Yes,Yes,One year,No,Credit card (automatic),3.17,3382.3,No,1.03,58.9,3896.0,Network reliability,0.0
62,3108-PCCGG,1,United States,California,Mi Wuk Village,96365.04,"33.890853, -118.297967",37.84,-117.98,Female,No,Yes,No,18.82,Yes,No phone service,Fiber optic,Yes,No internet service,Yes,No,Yes,Yes,Month-to-month,Yes,Electronic check,68.71,746.75,Yes,0.78,61.42,4875.79,Attitude of support person,1.0
63,3234-VKACU,1,United States,California,Gustine,88938.18,"38.460517, -122.790335",38.67,-121.21,Male,Yes,Yes,No,95.2,Yes,Yes,No,Yes,Yes,No,No,No,No,Month-to-month,No,Electronic check,67.36,262.3,Yes,-0.28,42.89,3546.17,Lack of affordable download/upload speed,0.0
64,4801-JZAZL,1,United States,California,Stratford,92009.73,"34.031529, -118.491156",37.81,-120.76,Female,Yes,No,No,18.51,Yes,Yes,Fiber optic,Yes,No internet service,No internet service,No internet service,Yes,No,Month-to-month,No,Credit card (automatic),91.27,577.6,No,-0.6,80.51,5400.6,Poor expertise of online support,0.0
65,2794-XIMMO,1,United States,California,Thousand Palms,91834.28,"33.88151, -118.234451",32.43,-123.88,Female,No,No,Yes,36.9,Yes,No,No,Yes,Yes,Yes,No internet service,No,Yes,Two year,No,Electronic check,111.58,1600.25,Yes,0.58,62.51,5762.25,Lack of self-service on Website,0.0
66,8398-TBIYD,1,United States,California,Little River,93173.24,"38.584505, -121.491956",34.5,-120.77,Female,No,No,Yes,70.24,Yes,No phone service,DSL,Yes,No,No internet service,Yes,No,Yes,Two year,Yes,Credit card (automatic),122.31,2763.0,No,-0.07,70.47,5054.96,Don't know,0.0
67,3521-MNKLV,1,United States,California,French Gulch,93432.8,"37.680968, -121.446049",35.67,-125.03,Male,No,No,Yes,81.64,No,No,No,No internet service,Yes,Yes,No internet service,Yes,No,Month-to-month,Yes,Credit card (automatic),90.76,3686.05,Yes,0.39,60.18,3965.63,Poor expertise of phone support,0.0
68,1794-HBQTJ,1,United States,California,O Neals,91541.87,"32.808814, -117.134694",36.1,-123.22,Male,Yes,Yes,No,83.0,Yes,No,DSL,No internet service,Yes,Yes,Yes,Yes,No,Month-to-month,No,Bank transfer (automatic),73.15,387.4,No,0.94,103.98,4159.27,Extra data charges,0.0
69,8942-DBMHZ,1,United States,California,Clearlake Oaks,92301.04,"35.16207, -119.194488",37.81,-118.16,Male,No,No,No,62.05,No,No,DSL,No,No internet service,No,No internet service,No,No,Two year,Yes,Mailed check,21.81,89.15,No,-0.02,71.54,6537.51,Attitude of service provider,0.0
70,2815-CPTUL,1,United States,California,Springville,92079.29,"37.114335, -122.237162",36.72,-118.1,Male,Yes,Yes,Yes,57.52,No,No phone service,Fiber optic,No internet service,No internet service,No,No internet service,No,No,One year,No,Credit card (automatic),70.84,717.3,No,0.1,48.2,3985.39,Moved,0.0
71,4692-NNQRU,1,United States,California,Los Altos,92867.46,"34.031441, -117.936436",33.0,-118.88,Male,No,No,Yes,46.92,No,No,Fiber optic,No internet service,Yes,No internet service,No internet service,No internet service,Yes,Month-to-month,Yes,Bank transfer (automatic),71.23,6310.9,Yes,0.39,76.37,5642.5,Competitor offered higher download speeds,0.0
72,4080-OGPJL,1,United States,California,Chowchilla,93929.12,"34.133809, -117.523724",37.22,-121.89,Male,Yes,Yes,Yes,51.49,No,No,Fiber optic,Yes,No,No,No,No,No,One year,Yes,Mailed check,58.78,6518.35,Yes,-0.31,23.45,4801.22,Attitude of service provider,0.0
73,4024-CSNBY,1,United States,California,Kirkwood,95220.89,"37.990574, -120.261821",37.78,-119.9,Male,No,Yes,Yes,18.83,No,No,Fiber optic,Yes,Yes,No,No,No internet service,Yes,Two year,No,Electronic check,83.81,1766.75,No,-0.07,61.27,4004.99,Product dissatisfaction,0.0
74,1222-KJNZD,1,United States,California,Half Moon Bay,95491.0,"38.439696, -122.668817",37.66,-119.81,Female,Yes,Yes,Yes,12.28,Yes,No,No,No internet service,Yes,No internet service,No,No internet service,No internet service,Month-to-month,Yes,Mailed check,98.52,4459.15,No,0.28,65.57,2809.5,Long distance charges,0.0
75,5712-AHQNN,1,United States,California,Stevenson Ranch,94741.51,"35.869626, -119.498771",38.94,-122.3,Female,No,Yes,Yes,32.29,Yes,No,No,No,No,No,No internet service,No internet service,No internet service,One year,Yes,Credit card (automatic),40.14,552.1,Yes,0.13,61.52,4650.63,Don't know,0.0
76,9661-ACXBS,1,United States,California,Likely,91891.31,"37.233226, -121.78809",38.33,-116.55,Female,No,Yes,No,28.19,Yes,No,No,Yes,No internet service,Yes,Yes,Yes,No,One year,Yes,Credit card (automatic),39.67,7082.85,Yes,0.53,51.51,4508.07,Competitor made better offer,0.0
77,4360-QRAVE,1,United States,California,The Sea Ranch,93515.82,"36.596271, -121.442274",37.41,-117.91,Male,No,Yes,Yes,21.24,No,No phone service,DSL,No internet service,Yes,No internet service,Yes,Yes,No internet service,One year,No,Credit card (automatic),60.57,154.65,Yes,1.49,36.91,6537.53,Limited range of services,0.0
78,9995-HOTOH,1,United States,California,Garden Valley,97951.98,"40.722733, -122.109666",36.11,-120.28,Male,Yes,No,No,49.47,Yes,No,No,No internet service,No internet service,No internet service,Yes,No,No internet service,Two year,Yes,Credit card (automatic),46.25,1994.3,Yes,0.31,41.71,3382.64,Network reliability,0.0
79,2403-BCASL,1,United States,California,Los Gatos,95414.87,"36.008958, -118.891593",32.2,-119.74,Male,No,Yes,No,55.83,Yes,Yes,No,No,No internet service,Yes,Yes,No internet service,No internet service,Two year,Yes,Credit card (automatic),15.38,7553.6,Yes,-0.11,60.9,7115.14,Competitor offered more data,0.0
80,5039-LZRQT,1,United States,California,Washington,92700.07,"37.84771, -120.486589",37.34,-119.35,Male,Yes,No,Yes,34.54,No,No,No,No,No,No,No,Yes,No,One year,No,Bank transfer (automatic),34.77,188.1,No,0.89,34.73,4848.45,Poor expertise of online support,0.0
81,8120-JDCAM,1,United States,California,Prather,96473.72,"34.630356, -120.032564",36.79,-124.2,Male,Yes,No,Yes,68.66,No,No,Fiber optic,Yes,No,No internet service,No,Yes,No,One year,Yes,Credit card (automatic),27.68,4512.7,Yes,-0.44,96.8,4847.29,Limited range of services,0.0
82,4329-YPDDQ,1,United States,California,Fort Irwin,92797.91,"38.830739, -122.196202",36.95,-120.33,Female,No,Yes,No,4.33,No,No phone service,No,No,No internet service,No internet service,No internet service,Yes,No internet service,Two year,Yes,Bank transfer (automatic),101.12,365.8,No,-0.35,1.85,3698.66,Price too high,0.0
83,4191-XOVOM,1,United States,California,Belmont,92274.86,"33.925833, -117.559639",33.15,-121.27,Female,No,No,Yes,27.61,No,No phone service,DSL,No internet service,Yes,Yes,No internet service,Yes,Yes,One year,Yes,Electronic check,116.0,7149.35,No,0.0,51.74,4772.61,Lack of self-service on Website,0.0
84,4797-AXPXK,1,United States,California,Idyllwild,96126.11,"40.94338, -123.831799",33.63,-121.96,Male,No,Yes,Yes,14.77,Yes,Yes,Fiber optic,No internet service,No internet service,Yes,Yes,Yes,No internet service,One year,Yes,Credit card (automatic),31.8,545.2,Yes,0.14,61.08,4959.94,Long distance charges,0.0
85,7008-LZVOZ,1,United States,California,San Marino,91078.43,"34.291273, -118.505104",38.87,-120.41,Male,Yes,No,No,-13.47,No,Yes,DSL,No,Yes,No,No,No internet service,No,Two year,Yes,Credit card (automatic),81.19,4113.7,Yes,-0.01,69.62,5509.21,Service dissatisfaction,0.0
86,1936-UAFEH,1,United States,California,Pomona,89951.25,"37.999406, -121.686241",36.19,-115.92,Male,No,Yes,No,30.34,No,No phone service,No,No,Yes,No internet service,Yes,No internet service,No,One year,No,Mailed check,91.05,253.8,No,0.25,38.98,3242.88,Extra data charges,0.0
87,6668-CNMFP,1,United States,California,San Bruno,95278.21,"34.95934, -120.490081",37.96,-118.42,Male,Yes,No,No,29.38,Yes,No phone service,Fiber optic,No,No,No,No internet service,No internet service,No,One year,No,Electronic check,19.86,1461.45,Yes,0.39,83.12,6064.6,Competitor made better offer,0.0
88,5928-QLDHB,1,United States,California,French Camp,93573.63,"35.842889, -121.004862",36.35,-121.03,Female,Yes,Yes,Yes,69.54,Yes,No,DSL,No,Yes,No,No internet service,No internet service,No internet service,One year,Yes,Credit card (automatic),69.61,493.65,No,0.74,28.7,4827.87,Poor expertise of phone support,0.0
89,5644-PDMZC,1,United States,California,Big Pine,93759.6,"39.710591, -123.682799",36.36,-118.56,Male,No,Yes,No,47.86,No,No phone service,No,Yes,Yes,Yes,Yes,No,Yes,Two year,Yes,Credit card (automatic),141.0,4400.75,Yes,0.31,46.51,5119.87,Competitor offered more data,0.0
90,7586-ZATGZ,1,United States,California,Glenn,92847.62,"33.897122, -118.164432",38.59,-116.78,Male,No,Yes,Yes,7.22,Yes,Yes,DSL,No,No internet service,No internet service,No internet service,No internet service,No,One year,Yes,Electronic check,85.14,2545.7,Yes,0.02,72.06,4138.91,Moved,0.0
91,6440-DKQGE,1,United States,California,San Juan Bautista,93076.99,"33.945318, -117.992066",35.02,-117.8,Male,No,Yes,No,77.91,No,No,DSL,Yes,No,No internet service,Yes,Yes,No,Two year,No,Bank transfer (automatic),57.38,738.2,Yes,0.71,81.09,3302.25,Lack of self-service on Website,0.0
92,4958-XCBDQ,1,United States,California,Danville,92667.23,"36.092975, -121.549826",36.52,-119.67,Male,No,No,No,62.36,No,Yes,DSL,No internet service,Yes,No internet service,No,No internet service,No internet service,Two year,No,Credit card (automatic),47.91,7047.5,No,-0.1,28.48,4486.33,Competitor offered higher download speeds,0.0
93,4377-VDHYI,1,United States,California,Poway,92353.99,"38.911577, -120.106169",35.15,-121.19,Female,No,Yes,No,46.67,Yes,No,No,No,Yes,Yes,Yes,No,Yes,Month-to-month,Yes,Mailed check,3.91,1478.85,Yes,-0.46,115.63,4621.88,Poor expertise of phone support,0.0
94,3724-UCSHY,1,United States,California,San Clemente,92809.4,"38.694081, -121.694431",35.22,-118.29,Male,No,No,Yes,26.81,Yes,No phone service,No,Yes,No,Yes,No,Yes,No internet service,Month-to-month,Yes,Credit card (automatic),78.92,3541.35,No,0.8,39.38,2761.25,Poor expertise of phone support,0.0
95,0266-CLZKZ,1,United States,California,Dos Rios,92750.55,"39.435756, -121.552071",35.52,-118.95,Male,Yes,No,Yes,8.81,No,Yes,DSL,No,No internet service,Yes,No,No internet service,No,One year,No,Mailed check,123.37,4107.3,Yes,0.77,30.45,5338.8,Attitude of service provider,0.0
96,3878-AVSOQ,1,United States,California,Vista,91976.0,"34.406256, -119.726936",36.83,-117.87,Female,Yes,No,No,23.23,No,No,Fiber optic,No internet service,No,Yes,No internet service,No internet service,Yes,Two year,Yes,Mailed check,40.28,1766.75,No,-0.08,69.52,5579.24,Poor expertise of online support,0.0
97,1135-HIORI,1,United States,California,Culver City,92504.79,"33.798266, -118.300237",35.11,-118.43,Female,Yes,Yes,No,59.11,No,No,Fiber optic,No internet service,No,Yes,No internet service,No internet service,Yes,Month-to-month,No,Credit card (automatic),6.52,3023.65,Yes,0.09,51.2,3537.06,Service dissatisfaction,0.0
98,2302-ANTDP,1,United States,California,Pleasanton,88852.33,"38.618347, -122.908422",39.37,-117.53,Female,No,No,No,78.66,Yes,No phone service,No,No internet service,Yes,No internet service,No internet service,Yes,No,One year,No,Credit card (automatic),44.78,1938.05,No,-0.14,48.02,3190.52,Limited range of services,0.0
99,0004-TLHLJ,1,United States,California,Piercy,94799.37,"37.114335, -122.237162",34.09,-120.95,Male,Yes,No,Yes,70.27,No,No phone service,No,No,Yes,No,Yes,Yes,Yes,Month-to-month,Yes,Mailed check,91.29,390.85,No,0.41,71.52,4041.88,Attitude of service provider,0.0
100,8999-EXMNO,1,United States,California,San Fernando,94250.1,"33.868316, -117.929029",35.82,-116.96,Male,Yes,No,No,20.37,No,No phone service,No,No,No internet service,No internet service,Yes,No,Yes,Month-to-month,No,Electronic check,51.87,1304.8,No,1.03,25.82,4428.57,Network reliability,0.0
101,9546-KDTRB,1,United States,California,San Simeon,93363.54,"39.786755, -120.445626",35.2,-119.37,Female,Yes,Yes,Yes,4.87,No,Yes,No,Yes,Yes,No,No internet service,Yes,No internet service,Two year,Yes,Electronic check,40.07,865.0,No,0.58,22.06,4087.77,Long distance charges,0.0
102,4566-QVRRW,1,United States,California,California City,93964.76,"37.965695, -121.260051",39.84,-115.32,Female,Yes,Yes,No,35.83,No,No,No,No internet service,Yes,Yes,Yes,Yes,No,Two year,Yes,Credit card (automatic),65.34,3014.65,No,0.72,45.84,4328.23,Poor expertise of phone support,0.0
103,2235-ZGKPT,1,United States,California,Oceano,94032.4,"36.936228, -121.785559",36.77,-121.29,Female,Yes,No,No,-11.06,No,No phone service,Fiber optic,No,No,No,No internet service,No internet service,No,Month-to-month,Yes,Bank transfer (automatic),71.67,1072.6,No,0.63,81.9,4662.32,Attitude of service provider,1.0
104,0324-BRPCJ,1,United States,California,Pauma Valley,92171.13,"34.13658, -118.245839",38.82,-116.05,Female,No,Yes,No,40.31,Yes,Yes,No,No internet service,Yes,No internet service,Yes,Yes,No,Month-to-month,Yes,Electronic check,22.98,571.05,Yes,0.27,46.77,2781.56,Network reliability,0.0
105,6624-JDRDS,1,United States,California,Walnut Grove,92528.28,"37.774633, -122.274434",32.63,-119.37,Female,No,Yes,No,28.75,No,Yes,DSL,No internet service,No internet service,No internet service,No,No internet service,No,Two year,Yes,Credit card (automatic),58.22,7455.45,No,0.74,93.12,2917.58,Poor expertise of online support,0.0
106,8148-NLEGT,1,United States,California,Fields Landing,94507.69,"33.634626, -117.874882",36.94,-121.2,Female,Yes,No,No,20.93,No,Yes,DSL,Yes,No,No,No,No internet service,No,One year,Yes,Electronic check,49.8,4362.05,No,0.59,84.55,1179.69,Deceased,0.0
107,7356-AYNJP,1,United States,California,San Bruno,93909.12,"34.108833, -118.229715",38.47,-120.84,Male,Yes,No,No,-6.79,No,No phone service,Fiber optic,Yes,No internet service,Yes,No internet service,Yes,Yes,Two year,No,Bank transfer (automatic),45.48,1270.25,No,0.9,64.79,5515.38,Competitor offered more data,0.0
108,4676-WLUHT,1,United States,California,Mcarthur,97334.38,"33.830099, -118.182239",36.48,-120.49,Male,Yes,Yes,Yes,44.98,No,No phone service,DSL,Yes,No,Yes,Yes,No,No internet service,Month-to-month,No,Credit card (automatic),34.16,544.55,Yes,0.06,66.01,4418.31,Long distance charges,0.0
109,4458-KVRBJ,1,United States,California,Redlands,96543.83,"37.57028, -122.365778",38.9,-118.88,Male,No,No,No,19.29,Yes,No,Fiber optic,Yes,Yes,No internet service,Yes,No,No,One year,No,Bank transfer (automatic),93.08,6001.45,Yes,-0.5,64.77,5639.96,Attitude of service provider,0.0
110,9546-CQJSU,1,United States,California,Needles,95262.77,"34.500091, -117.765862",35.01,-118.67,Female,No,Yes,Yes,3.64,Yes,No,Fiber optic,No internet service,No,No,No,Yes,No internet service,Month-to-month,No,Credit card (automatic),45.37,845.6,Yes,0.73,62.14,3054.29,Poor expertise of phone support,0.0
111,6474-FVJLC,1,United States,California,Forest Knolls,92100.72,"34.057496, -118.413959",39.74,-121.04,Female,Yes,Yes,No,-38.17,Yes,No phone service,DSL,Yes,No,Yes,No,No,No internet service,One year,Yes,Bank transfer (automatic),4.73,6518.35,No,0.42,50.82,4429.17,Lack of self-service on Website,0.0
112,9499-XPZXM,1,United States,California,Angwin,92468.62,"32.785165, -116.862648",41.93,-119.85,Female,No,Yes,No,31.7,No,Yes,No,Yes,Yes,Yes,No internet service,No internet service,Yes,Month-to-month,No,Electronic check,72.71,2119.5,Yes,0.13,53.31,4654.45,Extra data charges,0.0
113,4111-BNXIF,1,United States,California,Guatay,91652.35,"34.598221, -117.79593",35.39,-115.18,Female,No,Yes,Yes,75.9,No,Yes,DSL,Yes,Yes,No internet service,No,No internet service,No,One year,No,Electronic check,86.58,450.4,Yes,0.16,35.67,3735.67,Poor expertise of phone support,0.0
114,6402-SSEJG,1,United States,California,Wallace,94043.93,"32.716007, -117.117462",35.19,-116.07,Female,Yes,Yes,No,73.17,Yes,Yes,DSL,Yes,No internet service,Yes,No internet service,Yes,Yes,One year,No,Bank transfer (automatic),40.81,512.45,No,1.39,11.13,2562.5,Competitor offered higher download speeds,0.0
115,3606-TWKGI,1,United States,California,Inverness,88407.91,"34.035849, -118.503508",39.85,-118.86,Female,No,Yes,Yes,21.15,Yes,No,Fiber optic,No internet service,No internet service,No,No,No,No,Month-to-month,Yes,Bank transfer (automatic),47.92,247.0,No,-0.02,82.46,6465.76,Attitude of service provider,0.0
116,5709-LVOEQ,1,United States,California,San Gregorio,92666.28,"39.748037, -122.302169",40.16,-119.72,Male,No,No,Yes,17.58,Yes,Yes,DSL,Yes,Yes,No internet service,No,No,Yes,One year,No,Bank transfer (automatic),45.23,4254.1,Yes,-0.11,62.08,6055.73,Deceased,0.0
117,0899-LIIBW,1,United States,California,Middletown,92949.69,"34.508417, -116.856103",35.0,-119.54,Male,Yes,No,No,43.88,No,No,Fiber optic,No internet service,Yes,No internet service,Yes,No internet service,No internet service,Two year,Yes,Credit card (automatic),54.33,340.85,No,0.3,58.83,3948.45,Don't know,0.0
118,6122-LJADA,1,United States,California,Yermo,90677.95,"34.139082, -118.39275",35.25,-118.47,Female,No,Yes,Yes,7.85,No,No,No,No,Yes,No,No,Yes,No,Month-to-month,No,Electronic check,98.07,44.1,No,0.79,67.28,5003.92,Limited range of services,0.0
119,1347-KTTTA,1,United States,California,Hopland,95010.38,"38.546999, -120.271114",35.59,-122.01,Male,No,Yes,Yes,39.78,Yes,Yes,No,No internet service,No,No internet service,No,No,No internet service,Two year,Yes,Credit card (automatic),61.33,6851.65,No,1.27,40.87,3826.76,Lack of affordable download/upload speed,0.0
120,6891-JPYFF,1,United States,California,Moss Beach,91396.56,"33.624654, -117.611733",32.98,-120.35,Female,Yes,Yes,No,51.19,Yes,Yes,No,No internet service,No,Yes,No internet service,Yes,No internet service,Month-to-month,Yes,Electronic check,90.03,609.1,No,0.56,37.15,3222.68,Lack of self-service on Website,0.0
121,4471-KXAUH,1,United States,California,Lomita,94021.52,"34.9436, -115.287901",34.03,-123.4,Male,No,No,Yes,62.5,Yes,No phone service,DSL,Yes,No,Yes,No,No,Yes,One year,No,Mailed check,35.61,4326.25,Yes,-0.3,52.59,6562.05,Long distance charges,0.0
122,9256-JTBNZ,1,United States,California,Stanford,98715.92,"37.474396, -120.875917",33.82,-118.94,Female,No,Yes,No,29.91,No,No phone service,Fiber optic,No,Yes,No,No internet service,No internet service,No,One year,Yes,Credit card (automatic),53.22,109.2,No,1.14,88.15,2441.9,Don't know,0.0
123,7136-IHZJA,1,United States,California,Glen Ellen,90516.16,"34.17847, -118.459472",34.4,-118.4,Female,Yes,No,No,27.37,No,Yes,No,No,No internet service,Yes,No,No internet service,No internet service,One year,Yes,Electronic check,93.47,6668.0,Yes,0.26,33.54,4062.53,Don't know,0.0
124,9888-ZCUMM,1,United States,California,Chino,93244.8,"32.957195, -117.202542",36.2,-120.84,Male,Yes,Yes,No,10.81,No,No,Fiber optic,No,Yes,No,No,Yes,Yes,Month-to-month,No,Electronic check,40.52,860.85,Yes,-0.1,2.15,4500.06,Competitor offered more data,1.0
125,9809-IMGCQ,1,United States,California,Kenwood,92761.73,"34.43987, -118.644609",36.86,-116.4,Male,Yes,Yes,No,12.06,Yes,No,Fiber optic,No,No,No,No internet service,No internet service,No,Two year,No,Credit card (automatic),95.22,3966.3,Yes,-0.21,47.48,6353.8,Attitude of support person,0.0
126,9866-OCCKE,1,United States,California,Zenia,92398.81,"37.106902, -122.100006",40.09,-122.44,Female,No,No,Yes,26.81,Yes,No,No,No internet service,No,Yes,Yes,No,No,Two year,No,Credit card (automatic),45.85,1070.5,Yes,0.63,83.3,5461.01,Deceased,0.0
127,6080-TCMYC,1,United States,California,Homeland,94940.44,"35.772244, -119.209689",33.83,-122.96,Female,Yes,No,No,41.39,No,No,No,No,Yes,No,No internet service,No internet service,No internet service,Month-to-month,Yes,Electronic check,55.08,300.7,No,0.37,21.41,2421.93,Extra data charges,0.0
128,1090-PYKCI,1,United States,California,Happy Camp,95586.15,"36.785618, -120.625382",38.7,-119.31,Male,No,Yes,No,54.81,Yes,No,Fiber optic,No internet service,Yes,Yes,No internet service,Yes,No,Month-to-month,Yes,Credit card (automatic),115.02,2553.7,No,0.42,33.29,4397.04,Poor expertise of phone support,0.0
129,0969-RGKCU,1,United States,California,Grimes,94961.68,"33.309852, -116.823091",35.76,-117.54,Male,Yes,Yes,Yes,12.65,No,No phone service,No,No internet service,No,No internet service,No internet service,Yes,No internet service,Two year,Yes,Bank transfer (automatic),51.65,746.75,No,0.83,64.37,4425.21,Attitude of service provider,0.0
130,9496-IVVRP,1,United States,California,Landers,92172.36,"34.17847, -118.459472",36.16,-116.17,Female,No,Yes,No,69.03,Yes,Yes,Fiber optic,No internet service,No,No internet service,Yes,Yes,No,Two year,No,Credit card (automatic),69.14,7133.1,Yes,-0.09,114.02,4130.16,Competitor had better devices,0.0
131,8402-EIVQS,1,United States,California,Earp,98063.03,"37.954089, -121.329761",37.94,-120.79,Male,Yes,No,No,25.71,Yes,No phone service,Fiber optic,No,No,No,No,No,Yes,Two year,Yes,Credit card (automatic),83.31,757.1,Yes,0.87,29.46,5133.57,Moved,0.0
132,8138-EALND,1,United States,California,San Dimas,90219.05,"34.099891, -118.414338",33.53,-117.47,Female,Yes,No,Yes,31.85,Yes,No,No,Yes,Yes,Yes,No internet service,No,No internet service,Two year,Yes,Credit card (automatic),71.58,174.65,Yes,0.04,28.63,2733.24,Competitor made better offer,0.0
133,9584-EXCDZ,1,United States,California,Capistrano Beach,91595.29,"36.749403, -119.787574",37.22,-119.88,Female,Yes,No,Yes,14.02,Yes,No,DSL,Yes,No,Yes,No internet service,No,No internet service,Month-to-month,Yes,Electronic check,72.44,2342.2,No,1.22,65.99,3916.86,Network reliability,0.0
134,4737-AQCPU,1,United States,California,Gasquet,93838.64,"35.511833, -120.918713",36.69,-120.17,Female,Yes,No,Yes,-27.17,No,No,No,No,No,No internet service,Yes,No,No,Month-to-month,Yes,Bank transfer (automatic),63.06,1565.7,Yes,0.53,84.63,4966.77,Attitude of support person,0.0
135,2193-SFWQW,1,United States,California,Sultana,93688.76,"35.013299, -116.834092",37.49,-117.89,Female,No,No,Yes,54.08,Yes,No,DSL,Yes,No internet service,No internet service,No internet service,No,No,One year,Yes,Mailed check,25.58,1416.75,No,-0.14,45.27,5204.27,Poor expertise of phone support,0.0
136,1820-TQVEV,1,United States,California,San Simeon,94432.55,"33.735802, -117.818805",36.99,-118.39,Male,Yes,No,Yes,50.47,No,Yes,Fiber optic,Yes,Yes,Yes,No,No internet service,No internet service,Two year,Yes,Mailed check,75.24,2362.1,No,-0.63,23.8,4577.07,Lack of affordable download/upload speed,0.0
137,8457-XIGKN,1,United States,California,Pope Valley,96470.17,"38.121601, -120.133915",42.31,-123.2,Male,Yes,Yes,Yes,25.46,No,No,Fiber optic,No internet service,No internet service,No,Yes,No,No,One year,Yes,Bank transfer (automatic),42.72,2839.95,No,0.62,68.04,4059.11,Competitor made better offer,0.0
138,6199-IPCAO,1,United States,California,Landers,93298.35,"33.876482, -118.284077",34.72,-116.61,Male,No,Yes,Yes,34.02,No,Yes,DSL,No internet service,No internet service,No internet service,No,No,Yes,Month-to-month,No,Bank transfer (automatic),88.1,2067.0,No,0.1,71.93,4258.4,Lack of affordable download/upload speed,0.0
139,0999-QXNSA,1,United States,California,Tulare,93734.16,"34.046174, -118.446333",34.98,-116.82,Male,Yes,No,No,45.04,Yes,No,Fiber optic,No,No,No,No,No internet service,No,Month-to-month,No,Bank transfer (automatic),106.05,455.5,Yes,0.2,96.99,5276.24,Poor expertise of phone support,0.0
140,3812-LRZIR,1,United States,California,Los Olivos,92412.72,"39.361283, -123.784599",34.75,-121.15,Male,No,Yes,Yes,-6.0,No,Yes,DSL,No,Yes,No,Yes,No,Yes,One year,No,Electronic check,10.43,908.75,No,0.6,72.84,4440.4,Competitor had better devices,0.0
141,3758-CKOQL,1,United States,California,Laton,94619.66,"37.421633, -122.009613",34.92,-118.94,Male,Yes,Yes,Yes,19.38,No,No phone service,DSL,Yes,No,No internet service,No internet service,Yes,Yes,Two year,Yes,Mailed check,106.1,3442.15,Yes,0.71,76.52,3167.73,Limited range of services,0.0
142,5141-ZUVBH,1,United States,California,Desert Center,92927.75,"33.975332, -118.355252",34.72,-118.73,Male,Yes,No,Yes,51.88,No,No,Fiber optic,No internet service,Yes,No,No,No,Yes,Two year,Yes,Bank transfer (automatic),52.39,3512.9,No,0.81,53.06,2941.0,Poor expertise of phone support,0.0
143,5627-TVBPP,1,United States,California,Hesperia,92926.67,"32.67102, -117.095235",39.2,-119.24,Female,Yes,Yes,No,1.57,Yes,Yes,DSL,No,No internet service,No,No,No,Yes,Two year,No,Electronic check,60.82,1436.95,Yes,-0.25,111.25,2637.97,Competitor had better devices,0.0
144,4250-FDVOU,1,United States,California,Witter Springs,94535.99,"34.231318, -117.662032",39.77,-120.99,Male,No,No,No,39.58,Yes,No phone service,No,No,Yes,Yes,No,Yes,Yes,Two year,Yes,Mailed check,37.31,389.1,Yes,0.89,50.13,6122.33,Service dissatisfaction,0.0
145,8421-WZOOW,1,United States,California,Topanga,95452.91,"36.807595, -118.901544",34.88,-121.25,Male,Yes,No,Yes,-0.95,No,No,No,No,No,No,No,Yes,No,One year,No,Credit card (automatic),70.43,3436.1,No,0.01,45.53,5355.57,Deceased,0.0
146,6479-OAUSD,1,United States,California,San Lucas,89402.09,"37.369709, -122.215844",34.24,-119.85,Female,Yes,Yes,Yes,43.83,Yes,No,Fiber optic,No,No,Yes,Yes,Yes,Yes,One year,Yes,Electronic check,66.77,217.1,No,-0.73,97.65,4274.31,Competitor offered higher download speeds,0.0
147,6051-PTVNS,1,United States,California,La Habra,94195.1,"41.33832, -122.290756",37.44,-117.27,Male,Yes,No,Yes,31.5,No,No,Fiber optic,No,No,No internet service,Yes,Yes,No,Month-to-month,Yes,Mailed check,97.17,84.4,No,-0.25,26.97,3863.43,Product dissatisfaction,0.0
148,9091-WTUUY,1,United States,California,San Fernando,93017.82,"41.251322, -122.105209",34.93,-118.63,Male,No,No,No,-7.3,No,Yes,DSL,No,Yes,No internet service,No,No,Yes,Two year,No,Electronic check,42.45,5289.8,Yes,0.36,18.93,3721.3,Extra data charges,0.0
149,2202-CUYXZ,1,United States,California,Wilton,95290.02,"32.688506, -116.938632",37.84,-120.6,Female,No,No,No,60.98,Yes,Yes,DSL,Yes,No internet service,Yes,No internet service,Yes,No internet service,Two year,No,Mailed check,114.74,311.6,No,-0.17,61.27,5693.66,Extra data charges,0.0
150,5599-HVLTW,1,United States,California,Grand Terrace,93055.29,"34.9436, -115.287901",36.78,-118.13,Male,Yes,No,Yes,14.33,No,No phone service,DSL,No internet service,No internet service,No internet service,No,Yes,Yes,Two year,No,Mailed check,84.76,5510.65,No,0.23,58.66,6653.35,Competitor offered higher download speeds,0.0
151,5850-BDWCY,1,United States,California,Geyserville,95949.46,"37.731505, -122.384532",32.56,-125.95,Male,No,No,No,12.47,Yes,Yes,DSL,No internet service,Yes,No,No internet service,No internet service,No internet service,One year,No,Credit card (automatic),67.5,6589.6,Yes,0.41,53.79,3684.08,Poor expertise of online support,0.0
152,7298-IZWLY,1,United States,California,Manteca,92259.92,"32.85723, -117.209774",40.08,-117.32,Male,Yes,No,Yes,37.3,Yes,Yes,No,No,No,No,No,Yes,Yes,Two year,No,Electronic check,59.32,1120.95,No,0.19,80.09,5747.11,Competitor made better offer,0.0
153,2176-LVPNX,1,United States,California,Claremont,89360.63,"38.731055, -123.316553",40.69,-123.55,Female,Yes,No,No,60.58,No,No,No,No internet service,No internet service,No,No internet service,Yes,Yes,One year,Yes,Bank transfer (automatic),55.54,199.45,Yes,0.05,39.15,4433.44,Poor expertise of phone support,0.0
154,8414-OOEEL,1,United States,California,Paradise,95484.02,"37.424655, -121.74841",34.78,-120.58,Male,Yes,No,No,7.42,Yes,No,Fiber optic,No internet service,No,No internet service,No,No internet service,Yes,Two year,Yes,Credit card (automatic),57.5,533.9,No,-0.29,60.08,4148.98,Network reliability,0.0
155,6372-RFVNS,1,United States,California,Biola,91948.08,"33.680302, -117.833296",35.33,-122.22,Male,Yes,Yes,Yes,33.89,Yes,No,DSL,No internet service,Yes,No,No internet service,No internet service,No internet service,Two year,Yes,Credit card (automatic),69.83,1146.05,Yes,0.28,50.95,6179.87,Poor expertise of online support,0.0
156,6651-AZVTJ,1,United States,California,Linden,90573.54,"41.212695, -122.392067",36.98,-122.59,Female,Yes,Yes,Yes,42.9,No,No,DSL,No,No,No internet service,No,No,No internet service,Month-to-month,No,Mailed check,58.47,4443.45,Yes,-0.65,39.52,4388.27,Poor expertise of online support,0.0
157,9700-ZCLOT,1,United States,California,Palo Alto,93551.92,"34.983808, -117.239306",37.1,-117.29,Male,Yes,Yes,Yes,49.39,No,No,Fiber optic,No,No internet service,No,No,No internet service,Yes,Two year,No,Bank transfer (automatic),45.49,248.4,No,-0.04,57.37,4750.91,Service dissatisfaction,0.0
158,6999-CHVCF,1,United States,California,Baldwin Park,93075.71,"33.290907, -117.202895",37.9,-120.81,Female,Yes,No,Yes,36.7,Yes,No,DSL,No internet service,No internet service,Yes,No internet service,No,No,Two year,No,Electronic check,70.01,3435.6,Yes,-0.14,77.05,4694.02,Product dissatisfaction,0.0
159,0337-CNPZE,1,United States,California,Indian Wells,95057.71,"33.914775, -118.348083",41.22,-119.05,Female,No,No,No,23.36,Yes,No,DSL,No internet service,No,No internet service,Yes,No internet service,Yes,Month-to-month,No,Bank transfer (automatic),39.6,260.9,No,0.16,104.34,2477.12,Price too high,0.0
160,1956-YIFGE,1,United States,California,South El Monte,95187.02,"37.982716, -120.343732",35.85,-119.9,Male,No,Yes,No,12.05,No,No phone service,DSL,No,Yes,No internet service,No internet service,No internet service,No internet service,One year,No,Bank transfer (automatic),74.46,903.6,No,0.17,71.17,4741.5,Poor expertise of online support,0.0
161,6212-ATMLK,1,United States,California,Kirkwood,93700.37,"35.215731, -119.57013",34.32,-118.77,Female,No,Yes,No,34.49,Yes,No phone service,DSL,Yes,No,No,Yes,No,Yes,One year,No,Bank transfer (automatic),58.05,6994.8,Yes,0.69,4.65,3734.6,Deceased,0.0
162,3643-AHCFP,1,United States,California,Elk Creek,91871.08,"35.059695, -120.604741",32.9,-119.63,Female,No,Yes,Yes,6.04,Yes,No phone service,DSL,No internet service,Yes,No internet service,No,No internet service,No internet service,Two year,Yes,Bank transfer (automatic),85.73,377.85,No,0.96,57.88,2718.99,Poor expertise of online support,0.0
163,4636-JGAAI,1,United States,California,Ventura,94057.34,"34.129058, -118.759788",34.49,-122.57,Male,No,No,No,-39.38,Yes,No phone service,Fiber optic,Yes,No,No internet service,No internet service,No,No internet service,One year,Yes,Bank transfer (automatic),94.52,3169.55,Yes,-0.23,59.77,3788.49,Product dissatisfaction,0.0
164,5546-BYZSM,1,United States,California,Madeline,93830.18,"38.227285, -121.02789",36.2,-117.65,Female,No,Yes,Yes,43.09,Yes,No,DSL,No internet service,No internet service,Yes,No internet service,No internet service,No internet service,Two year,Yes,Mailed check,94.51,849.1,Yes,1.15,78.85,3778.73,Lack of self-service on Website,0.0
165,9767-FFLEM,1,United States,California,Garden Valley,94583.48,"40.656287, -121.428965",40.69,-120.86,Female,No,Yes,No,54.57,Yes,No phone service,Fiber optic,Yes,Yes,Yes,No internet service,Yes,Yes,Month-to-month,Yes,Mailed check,74.33,291.45,Yes,-0.08,62.68,5618.71,Extra data charges,1.0
166,4391-RESHN,1,United States,California,San Marcos,91889.76,"33.540604, -117.10909",35.01,-123.16,Male,Yes,No,Yes,-25.66,Yes,No,DSL,Yes,Yes,No,Yes,No internet service,No internet service,Month-to-month,Yes,Credit card (automatic),77.85,4116.8,Yes,0.34,85.67,3141.77,Limited range of services,0.0
167,5016-ETTFF,1,United States,California,Anza,92774.95,"38.375325, -121.507935",36.83,-120.72,Male,Yes,Yes,Yes,7.57,Yes,No phone service,No,Yes,Yes,Yes,Yes,No,No internet service,Two year,No,Mailed check,55.05,7181.25,Yes,0.49,67.13,3465.86,Extra data charges,0.0
168,5593-SUAOO,1,United States,California,Winnetka,94472.36,"34.02381, -118.156582",36.24,-116.56,Male,Yes,No,No,47.58,No,Yes,No,No,No internet service,No,No,No internet service,Yes,Month-to-month,No,Credit card (automatic),85.15,3161.6,Yes,1.34,92.25,4678.77,Product dissatisfaction,0.0
169,7802-EFKNY,1,United States,California,Newcastle,95849.22,"38.801936, -122.938935",39.2,-117.96,Female,Yes,No,Yes,82.9,No,No phone service,No,Yes,No,No,Yes,No,No internet service,Month-to-month,No,Credit card (automatic),88.55,624.15,Yes,0.03,49.26,2831.81,Competitor made better offer,0.0
170,4915-BFSXL,1,United States,California,San Juan Bautista,95324.18,"34.19829, -118.602203",42.49,-120.55,Male,No,No,Yes,32.88,No,No phone service,No,Yes,No internet service,No,Yes,No,Yes,Two year,No,Electronic check,17.6,245.15,Yes,-0.53,61.81,3620.65,Long distance charges,0.0
171,6029-CSMJE,1,United States,California,Topanga,93675.06,"34.279221, -119.221437",34.98,-120.55,Female,No,Yes,No,14.49,No,No,Fiber optic,Yes,Yes,No internet service,No,Yes,No internet service,Two year,No,Bank transfer (automatic),76.15,232.4,No,0.92,76.49,2431.12,Deceased,0.0
172,2320-TZRRH,1,United States,California,Ben Lomond,92612.59,"37.361987, -120.748394",35.08,-120.49,Female,Yes,Yes,Yes,27.88,No,No phone service,Fiber optic,No internet service,No,Yes,No internet service,Yes,No,Month-to-month,No,Mailed check,105.93,996.95,No,-0.1,46.38,5488.72,Competitor had better devices,0.0
173,3398-FSHON,1,United States,California,Fortuna,94275.41,"33.924143, -117.79387",38.85,-115.32,Female,Yes,No,Yes,66.14,Yes,Yes,DSL,Yes,No internet service,No,No internet service,No,No,One year,Yes,Electronic check,54.04,3626.1,Yes,0.11,41.69,4043.77,Deceased,0.0
174,4726-DLWQN,1,United States,California,Saratoga,91485.65,"40.181279, -120.392967",37.96,-118.97,Female,No,Yes,Yes,16.51,Yes,No,No,No internet service,Yes,Yes,No,No internet service,No internet service,One year,No,Mailed check,47.47,560.85,No,-0.23,45.15,4381.46,Competitor offered higher download speeds,0.0
175,6218-KNUBD,1,United States,California,Auburn,91997.61,"37.483535, -119.679414",40.82,-118.87,Female,Yes,Yes,No,12.74,Yes,No,Fiber optic,Yes,Yes,No,No internet service,No,No,Two year,No,Credit card (automatic),52.13,7854.15,No,0.11,42.57,5483.99,Limited range of services,0.0
176,8148-WOCMK,1,United States,California,San Marino,96338.89,"38.192608, -120.957842",37.72,-117.58,Female,Yes,Yes,No,20.52,Yes,No phone service,DSL,Yes,No internet service,Yes,Yes,No,Yes,Two year,No,Mailed check,19.48,321.9,No,-0.11,69.95,3545.81,Moved,0.0
177,1842-EZJMK,1,United States,California,Tecopa,94272.08,"38.922812, -121.312005",35.4,-119.28,Female,Yes,Yes,Yes,8.96,No,No,DSL,No,No internet service,Yes,No,No internet service,No,One year,No,Bank transfer (automatic),68.55,7266.95,No,0.56,19.2,4031.2,Extra data charges,0.0
178,9575-IWCAZ,1,United States,California,Montgomery Creek,92873.55,"33.617108, -117.253349",37.73,-120.36,Male,Yes,No,No,35.38,Yes,No,Fiber optic,No internet service,No internet service,No,No,No internet service,No internet service,Month-to-month,Yes,Credit card (automatic),65.66,255.6,No,0.3,25.21,3150.6,Lack of affordable download/upload speed,0.0
179,0412-UCCNP,1,United States,California,Hyampom,95068.97,"38.759751, -121.288545",39.01,-120.22,Male,No,Yes,Yes,72.27,Yes,No,No,Yes,Yes,No internet service,No,No internet service,No internet service,One year,Yes,Credit card (automatic),70.69,4267.15,No,-0.04,98.8,3148.03,Poor expertise of phone support,0.0
180,6615-NGGZJ,1,United States,California,Fairfield,95923.2,"32.948262, -117.256086",38.3,-119.95,Female,Yes,No,Yes,40.31,No,No,DSL,No internet service,No internet service,Yes,No internet service,No internet service,Yes,One year,No,Electronic check,77.28,2298.55,Yes,0.71,43.09,3311.19,Lack of affordable download/upload speed,0.0
181,2834-JKOOW,1,United States,California,Los Angeles,92692.36,"34.17211, -115.769773",37.53,-119.88,Female,Yes,No,Yes,26.17,Yes,No,No,No internet service,Yes,No internet service,No,No,No internet service,One year,Yes,Bank transfer (automatic),40.75,422.3,No,0.38,63.0,3817.65,Lack of affordable download/upload speed,0.0
182,6350-XFYGW,1,United States,California,Carlsbad,92724.51,"34.89326, -116.505958",38.9,-118.23,Male,No,Yes,Yes,25.2,Yes,No,No,No,No internet service,No internet service,No,No,Yes,One year,Yes,Credit card (automatic),72.98,2862.75,No,-0.55,26.65,3945.06,Competitor made better offer,0.0
183,1963-SVUCV,1,United States,California,Walnut Grove,92490.84,"38.749466, -121.184196",39.15,-119.69,Female,No,No,Yes,-6.02,No,Yes,No,No,Yes,No,No,Yes,No,Two year,No,Bank transfer (automatic),78.1,2405.05,No,0.67,60.73,4741.76,Long distance charges,0.0
184,0019-EFAEP,1,United States,California,Rancho Cucamonga,95320.31,"39.492046, -123.375818",39.68,-118.22,Male,Yes,Yes,No,54.06,Yes,No phone service,DSL,No,Yes,No,No internet service,No,No,Two year,No,Mailed check,50.07,3398.9,No,0.35,43.22,3345.94,Extra data charges,0.0
185,3963-RYFNS,1,United States,California,Carmel Valley,95338.42,"39.24124, -120.054765",37.88,-119.97,Male,No,Yes,Yes,30.46,Yes,Yes,No,No,No,No,Yes,No internet service,Yes,Month-to-month,No,Bank transfer (automatic),77.4,55.0,Yes,0.88,25.05,4778.44,Moved,0.0
186,7856-GANIL,1,United States,California,Forest Falls,96107.78,"32.858595, -115.662709",35.87,-119.63,Male,Yes,No,No,27.94,Yes,No,DSL,No,No internet service,Yes,No,Yes,Yes,Month-to-month,No,Credit card (automatic),67.19,6300.15,Yes,0.32,87.48,4974.08,Lack of affordable download/upload speed,0.0
187,9391-TTOYH,1,United States,California,Patterson,95403.81,"36.594542, -119.905245",36.64,-124.11,Female,Yes,No,No,110.79,Yes,No,No,No,No internet service,No,Yes,No internet service,No internet service,Month-to-month,No,Electronic check,45.77,7459.05,Yes,-0.08,84.15,3846.84,Poor expertise of online support,0.0
188,9359-UGBTK,1,United States,California,Covina,90476.58,"38.733908, -120.453416",39.25,-117.82,Female,No,No,Yes,39.71,Yes,No phone service,DSL,No,Yes,No,No internet service,No,No,Month-to-month,Yes,Credit card (automatic),73.27,3082.1,Yes,0.18,56.39,3448.26,Competitor offered higher download speeds,0.0
189,6258-PVZWJ,1,United States,California,Sun City,94046.19,"34.236683, -118.517588",34.28,-119.05,Male,Yes,No,Yes,13.91,No,Yes,No,No,Yes,Yes,No internet service,Yes,Yes,One year,No,Bank transfer (automatic),56.01,44.2,No,0.62,80.21,4500.95,Service dissatisfaction,0.0
190,5649-TJHOV,1,United States,California,Chester,91547.23,"40.692523, -122.369876",37.19,-117.65,Male,Yes,Yes,No,21.9,No,No phone service,Fiber optic,Yes,Yes,Yes,No internet service,No internet service,No,Two year,No,Bank transfer (automatic),85.74,1498.65,Yes,-0.07,99.67,4160.23,Moved,0.0
191,2812-REYAT,1,United States,California,Fresno,92564.97,"40.077028, -121.494168",35.32,-126.05,Male,Yes,Yes,No,60.58,No,Yes,No,No internet service,No,No,No internet service,Yes,Yes,Two year,No,Credit card (automatic),57.57,1369.8,Yes,0.07,74.93,4660.98,Network reliability,0.0
192,8461-EFQYM,1,United States,California,Eldridge,93840.26,"41.269521, -123.546958",36.35,-115.29,Male,Yes,Yes,No,35.15,No,No,No,No,No,No,Yes,Yes,No,Month-to-month,Yes,Bank transfer (automatic),25.95,1927.3,Yes,0.17,69.02,6257.54,Lack of self-service on Website,0.0
193,5214-NLTIT,1,United States,California,Myers Flat,95080.96,"37.916648, -122.008483",39.42,-120.1,Male,No,No,Yes,-2.95,No,No phone service,DSL,No,Yes,No,No,No,No internet service,Month-to-month,No,Mailed check,72.8,313.45,Yes,-0.24,62.98,4481.5,Don't know,0.0
194,3639-XJHKQ,1,United States,California,Cutler,91859.83,"33.839989, -116.659215",36.75,-117.41,Female,No,No,No,54.95,No,No phone service,DSL,No internet service,No internet service,No,No internet service,No internet service,No,One year,No,Credit card (automatic),71.66,605.75,No,-0.07,72.68,3644.05,Long distance charges,0.0
195,7753-USQYQ,1,United States,California,Fellows,89184.52,"38.25485, -122.461799",36.4,-122.04,Male,Yes,No,Yes,15.96,Yes,No,No,Yes,No internet service,No internet service,No internet service,Yes,No,One year,No,Electronic check,32.23,998.1,Yes,0.34,50.87,3346.32,Poor expertise of phone support,0.0
196,3413-DHLPB,1,United States,California,Ben Lomond,93858.8,"33.3249, -114.758334",32.94,-118.48,Female,No,Yes,Yes,78.38,No,No phone service,Fiber optic,No internet service,No,No internet service,Yes,Yes,No,Month-to-month,Yes,Credit card (automatic),87.35,273.2,No,0.8,52.74,3392.09,Poor expertise of online support,0.0
197,2794-XIMMO,1,United States,California,Rio Dell,98454.33,"37.238758, -121.828375",38.12,-122.07,Male,Yes,No,Yes,58.9,No,Yes,Fiber optic,No internet service,No,No,Yes,No internet service,No,Two year,No,Mailed check,85.77,6444.05,Yes,0.41,68.4,2669.76,Moved,0.0
198,6440-DKQGE,1,United States,California,Alleghany,93143.5,"34.08111, -117.853935",37.87,-121.14,Female,Yes,Yes,No,21.39,Yes,Yes,DSL,No,Yes,No internet service,No internet service,Yes,No,Two year,No,Mailed check,38.58,2623.65,No,0.25,48.5,5503.78,Deceased,0.0
199,7515-LODFU,1,United States,California,Modesto,93609.5,"37.499411, -122.196318",41.59,-115.67,Female,Yes,No,Yes,63.83,Yes,Yes,Fiber optic,No internet service,No internet service,Yes,No,Yes,No internet service,Two year,No,Mailed check,44.91,5673.7,No,-0.1,50.83,1758.2,Deceased,0.0
